Planner,Run,Time,Solved,PathLength,NumStates
RRT,1,0.082787,1,8.8,17
RRT,2,0.469333,1,9.5,19
EST,1,0.0626675,1,6.9,13
EST,2,30.0972,1,8.25,16
KPIECE1,1,0.193677,1,19.85,243
KPIECE1,2,0.0281039,1,14.95,178
